{
  "best_model": "Logistic Regression",
  "results": {
    "Logistic Regression": {
      "accuracy": 0.839,
      "precision": 0.741777466759972,
      "recall": 0.7940074906367042,
      "f1": 0.7670043415340086,
      "roc_auc": 0.9004380546830535,
      "cv_roc_auc_mean": 0.9085258670701,
      "cv_roc_auc_std": 0.0046871778025039095
    },
    "Random Forest": {
      "accuracy": 0.845,
      "precision": 0.820627802690583,
      "recall": 0.6853932584269663,
      "f1": 0.746938775510204,
      "roc_auc": 0.8921188102114382,
      "cv_roc_auc_mean": 0.8991686538371457,
      "cv_roc_auc_std": 0.0037382774587479436
    },
    "XGBoost": {
      "accuracy": 0.835,
      "precision": 0.7531882970742686,
      "recall": 0.752059925093633,
      "f1": 0.7526236881559221,
      "roc_auc": 0.887564840384791,
      "cv_roc_auc_mean": 0.891705978134264,
      "cv_roc_auc_std": 0.005094237793886009
    },
    "LightGBM": {
      "accuracy": 0.83425,
      "precision": 0.7410329985652798,
      "recall": 0.7737827715355805,
      "f1": 0.7570538658849395,
      "roc_auc": 0.8994222512665921,
      "cv_roc_auc_mean": 0.9040239599314498,
      "cv_roc_auc_std": 0.0053668138635038125
    }
  }
}